-- phpMyAdmin SQL Dump
-- version 5.2.0
-- https://www.phpmyadmin.net/
--
-- Máy chủ: 127.0.0.1
-- Thời gian đã tạo: Th3 02, 2023 lúc 12:29 PM
-- Phiên bản máy phục vụ: 10.4.24-MariaDB
-- Phiên bản PHP: 8.0.19

SET SQL_MODE = "NO_AUTO_VALUE_ON_ZERO";
START TRANSACTION;
SET time_zone = "+00:00";


/*!40101 SET @OLD_CHARACTER_SET_CLIENT=@@CHARACTER_SET_CLIENT */;
/*!40101 SET @OLD_CHARACTER_SET_RESULTS=@@CHARACTER_SET_RESULTS */;
/*!40101 SET @OLD_COLLATION_CONNECTION=@@COLLATION_CONNECTION */;
/*!40101 SET NAMES utf8mb4 */;

--
-- Cơ sở dữ liệu: `banlaptop`
--

-- --------------------------------------------------------

--
-- Cấu trúc bảng cho bảng `buildpc`
--

CREATE TABLE `buildpc` (
  `pc_id` int(11) NOT NULL,
  `tensanpham` varchar(200) NOT NULL,
  `sanpham_id` int(11) NOT NULL,
  `giasanpham` int(11) NOT NULL,
  `hinhanh` varchar(200) NOT NULL,
  `soluong` int(11) NOT NULL
) ENGINE=InnoDB DEFAULT CHARSET=utf8mb4;

--
-- Đang đổ dữ liệu cho bảng `buildpc`
--

INSERT INTO `buildpc` (`pc_id`, `tensanpham`, `sanpham_id`, `giasanpham`, `hinhanh`, `soluong`) VALUES
(29, 'Tai Nghe gaming 2019', 27, 250000, '	tainge.jpg', 2),
(30, 'Bàn Gaming 2022', 48, 1800000, '	ban2.jpg', 1),
(31, 'CPU 2021', 24, 300000, '	cpu1.jpg', 1),
(32, 'Ổ cứng HHD', 43, 450000, '	hhd1.jpg', 1),
(33, 'Tản Nhiệt 2022', 33, 150000, '	tannhiet2.jpg', 1);

-- --------------------------------------------------------

--
-- Cấu trúc bảng cho bảng `tbl_admin`
--

CREATE TABLE `tbl_admin` (
  `admin_id` int(11) NOT NULL,
  `email` varchar(100) NOT NULL,
  `password1` varchar(100) NOT NULL,
  `admin_name` varchar(40) NOT NULL
) ENGINE=InnoDB DEFAULT CHARSET=utf8mb4;

--
-- Đang đổ dữ liệu cho bảng `tbl_admin`
--

INSERT INTO `tbl_admin` (`admin_id`, `email`, `password1`, `admin_name`) VALUES
(1, 'ducloi@gmail.com', 'e10adc3949ba59abbe56e057f20f883e', 'Lợi'),
(2, 'ducloi1244@gmail.com', '4532f61cbfe3c75c67176f2d52e8d59d', 'VoDucLoi'),
(3, 'xuanthanh@gmail.com', 'dcdee7071100d21ed4d19fece7f1c451', '');

-- --------------------------------------------------------

--
-- Cấu trúc bảng cho bảng `tbl_category`
--

CREATE TABLE `tbl_category` (
  `category_id` int(11) NOT NULL,
  `category_name` varchar(100) NOT NULL
) ENGINE=InnoDB DEFAULT CHARSET=utf8mb4;

--
-- Đang đổ dữ liệu cho bảng `tbl_category`
--

INSERT INTO `tbl_category` (`category_id`, `category_name`) VALUES
(1, 'LapTop DELL'),
(5, 'LapTop Macbook'),
(6, 'LapTop Asus'),
(7, 'Tai Nghe'),
(8, 'Bàn'),
(9, 'CPU'),
(10, 'Main'),
(11, 'RAM'),
(12, 'Ổ Cứng SSD'),
(13, 'Ổ Cứng HHD'),
(14, 'VGA-Cart Màn Hình'),
(15, 'PSU-Nguồn Máy Tính'),
(16, 'Vỏ Máy Tính'),
(17, 'Tản Nhiệt'),
(18, 'Màn Hình'),
(19, 'Bàn Phím'),
(20, 'Chuột'),
(21, 'Loa'),
(22, 'WebCam');

-- --------------------------------------------------------

--
-- Cấu trúc bảng cho bảng `tbl_donhang`
--

CREATE TABLE `tbl_donhang` (
  `donhang_id` int(11) NOT NULL,
  `sanpham_id` int(11) NOT NULL,
  `soluong` int(11) NOT NULL,
  `mahang` int(11) NOT NULL,
  `khachhang_id` int(11) NOT NULL,
  `ngaythang` timestamp NOT NULL DEFAULT current_timestamp() ON UPDATE current_timestamp(),
  `tinhtrang` int(11) NOT NULL,
  `huydon` int(11) NOT NULL DEFAULT 0
) ENGINE=InnoDB DEFAULT CHARSET=utf8mb4;

--
-- Đang đổ dữ liệu cho bảng `tbl_donhang`
--

INSERT INTO `tbl_donhang` (`donhang_id`, `sanpham_id`, `soluong`, `mahang`, `khachhang_id`, `ngaythang`, `tinhtrang`, `huydon`) VALUES
(131, 26, 1, 4628, 15, '2022-10-23 15:49:09', 1, 0),
(132, 24, 1, 4628, 15, '2022-10-23 15:49:09', 1, 0),
(133, 19, 1, 4296, 15, '2022-10-23 16:07:07', 0, 0),
(134, 18, 2, 6202, 15, '2022-10-27 13:00:08', 0, 0),
(135, 28, 2, 6202, 15, '2022-10-27 13:00:08', 0, 0),
(136, 14, 3, 2066, 18, '2022-11-03 10:44:07', 0, 2),
(137, 28, 1, 9669, 11, '2022-11-06 04:19:38', 0, 0),
(138, 19, 1, 9669, 11, '2022-11-06 04:19:38', 0, 0),
(139, 2, 1, 9669, 11, '2022-11-06 04:19:38', 0, 0),
(140, 28, 1, 2222, 15, '2022-11-17 15:51:19', 0, 0),
(141, 2, 1, 2222, 15, '2022-11-17 15:51:19', 0, 0),
(142, 20, 2, 2484, 15, '2022-11-17 16:00:10', 0, 0),
(143, 3, 1, 2472, 19, '2022-11-22 13:56:29', 0, 0),
(144, 3, 1, 5553, 19, '2022-11-22 14:14:06', 0, 0),
(145, 3, 1, 8546, 19, '2022-11-22 14:14:21', 0, 0),
(146, 3, 1, 9643, 19, '2022-11-22 14:14:29', 0, 0),
(147, 3, 1, 2074, 19, '2022-11-22 14:15:17', 0, 0),
(148, 3, 1, 3471, 11, '2022-11-22 14:23:29', 0, 0),
(149, 3, 1, 8619, 11, '2022-11-22 14:24:36', 0, 0),
(150, 3, 1, 4982, 11, '2022-11-22 14:26:00', 0, 0),
(151, 3, 1, 1656, 11, '2022-11-22 14:31:22', 0, 0),
(152, 2, 1, 964, 19, '2022-11-22 14:32:11', 0, 0),
(153, 2, 1, 8635, 19, '2022-11-22 14:33:44', 0, 0),
(154, 2, 2, 7044, 19, '2022-11-22 14:34:46', 0, 0),
(155, 2, 2, 4373, 19, '2022-11-22 14:37:34', 0, 0),
(156, 3, 1, 9900, 19, '2022-11-22 14:37:54', 0, 0),
(157, 3, 1, 2100, 19, '2022-11-22 14:40:13', 0, 0),
(158, 3, 1, 6568, 19, '2022-11-22 14:40:36', 0, 0),
(159, 3, 1, 7731, 19, '2022-11-22 14:41:29', 0, 0),
(160, 3, 1, 7003, 19, '2022-11-22 14:44:07', 0, 0),
(161, 3, 1, 2301, 19, '2022-11-22 14:44:18', 0, 0),
(162, 2, 1, 2200, 19, '2022-11-22 14:46:15', 0, 0),
(163, 3, 1, 8217, 19, '2022-11-22 14:47:28', 0, 0),
(164, 3, 1, 7009, 19, '2022-11-22 14:49:05', 0, 0),
(165, 3, 1, 5787, 19, '2022-11-22 14:49:22', 0, 0),
(166, 3, 1, 9913, 19, '2022-11-22 14:50:11', 0, 0),
(167, 3, 1, 5802, 11, '2022-11-22 15:12:57', 0, 0),
(168, 3, 1, 3936, 11, '2022-11-22 15:13:19', 0, 0),
(169, 28, 1, 5987, 11, '2022-11-22 15:13:58', 0, 0),
(170, 19, 1, 7074, 11, '2022-11-22 15:15:04', 0, 0),
(171, 26, 1, 7074, 11, '2022-11-22 15:15:04', 0, 0),
(172, 22, 2, 7074, 11, '2022-11-22 15:15:04', 0, 0),
(173, 19, 1, 2275, 11, '2022-11-22 15:15:40', 0, 0),
(174, 26, 1, 2275, 11, '2022-11-22 15:15:40', 0, 0),
(175, 22, 2, 2275, 11, '2022-11-22 15:15:40', 0, 0),
(176, 24, 1, 1079, 11, '2022-11-22 15:16:20', 0, 0),
(177, 41, 1, 1079, 11, '2022-11-22 15:16:20', 0, 0),
(178, 28, 1, 3403, 11, '2022-11-22 15:16:58', 0, 0),
(179, 3, 1, 3403, 11, '2022-11-22 15:16:58', 0, 0),
(180, 3, 3, 6292, 11, '2022-11-22 15:19:53', 0, 0),
(181, 1, 1, 6292, 11, '2022-11-22 15:19:53', 0, 0),
(182, 3, 1, 6437, 11, '2022-11-22 15:21:36', 0, 0),
(183, 1, 1, 6437, 11, '2022-11-22 15:21:36', 0, 0),
(184, 3, 1, 5163, 11, '2022-11-22 15:25:24', 0, 0),
(185, 1, 1, 5163, 11, '2022-11-22 15:25:24', 0, 0),
(186, 3, 1, 8552, 15, '2022-11-22 15:25:50', 0, 0),
(187, 1, 1, 8552, 15, '2022-11-22 15:25:50', 0, 0),
(188, 24, 1, 3701, 15, '2022-11-22 15:26:39', 0, 0),
(189, 26, 1, 9599, 15, '2022-11-22 15:27:03', 0, 0),
(190, 48, 1, 9599, 15, '2022-11-22 15:27:03', 0, 0),
(191, 48, 1, 8889, 15, '2022-11-22 15:27:54', 0, 0),
(192, 27, 1, 8889, 15, '2022-11-22 15:27:54', 0, 0),
(199, 3, 1, 5765, 15, '2022-11-22 15:41:31', 0, 0),
(200, 1, 3, 5765, 15, '2022-11-22 15:41:31', 0, 0),
(201, 3, 3, 1658, 15, '2022-11-22 15:44:42', 0, 0),
(202, 2, 2, 1658, 15, '2022-11-22 15:44:42', 0, 0),
(203, 3, 1, 5436, 15, '2022-11-22 15:45:34', 0, 0),
(204, 1, 1, 5436, 15, '2022-11-22 15:45:34', 0, 0),
(205, 26, 2, 5263, 15, '2022-11-22 15:48:19', 0, 0),
(206, 48, 1, 5263, 15, '2022-11-22 15:48:19', 0, 0),
(207, 28, 2, 9085, 15, '2022-11-27 03:01:26', 0, 0),
(208, 3, 3, 9915, 15, '2022-12-06 02:15:01', 0, 0),
(209, 3, 1, 1361, 21, '2022-12-06 02:31:33', 1, 2),
(210, 3, 1, 7186, 22, '2023-01-08 05:50:41', 0, 0),
(211, 28, 1, 7186, 22, '2023-01-08 05:50:41', 0, 0),
(212, 3, 1, 4099, 22, '2023-01-08 06:04:42', 0, 2),
(213, 1, 21, 4099, 22, '2023-01-08 06:04:42', 0, 2);

-- --------------------------------------------------------

--
-- Cấu trúc bảng cho bảng `tbl_giaodich`
--

CREATE TABLE `tbl_giaodich` (
  `giaodich_id` int(11) NOT NULL,
  `sanpham_id` int(11) NOT NULL,
  `soluong` int(11) NOT NULL,
  `magiaodich` varchar(100) NOT NULL,
  `khachhang_id` int(11) NOT NULL,
  `ngaythang` timestamp NOT NULL DEFAULT current_timestamp() ON UPDATE current_timestamp(),
  `tinhtrangdon` int(11) NOT NULL DEFAULT 0,
  `huydon` int(11) NOT NULL DEFAULT 0
) ENGINE=InnoDB DEFAULT CHARSET=utf8mb4;

--
-- Đang đổ dữ liệu cho bảng `tbl_giaodich`
--

INSERT INTO `tbl_giaodich` (`giaodich_id`, `sanpham_id`, `soluong`, `magiaodich`, `khachhang_id`, `ngaythang`, `tinhtrangdon`, `huydon`) VALUES
(17, 1, 1, '2888', 4, '2022-07-02 15:34:43', 0, 1),
(18, 2, 1, '4035', 4, '2022-06-17 12:07:47', 0, 2),
(19, 2, 1, '2092', 4, '2022-06-17 12:11:49', 0, 1),
(20, 3, 1, '3082', 4, '2022-06-17 12:14:54', 1, 1),
(21, 1, 1, '8011', 4, '2022-06-17 12:20:47', 0, 2),
(22, 1, 1, '6207', 4, '2022-06-17 12:16:42', 0, 2),
(23, 1, 1, '9380', 4, '2022-06-17 12:21:55', 0, 2),
(24, 2, 1, '3147', 4, '2022-06-17 12:24:05', 0, 2),
(25, 1, 1, '1301', 4, '2022-06-23 13:34:31', 1, 2),
(26, 4, 5, '5834', 4, '2022-06-23 13:42:32', 0, 2),
(27, 2, 1, '3345', 4, '2022-06-24 11:17:45', 0, 0),
(28, 1, 4, '3345', 4, '2022-06-24 11:17:45', 0, 0),
(29, 2, 1, '2187', 4, '2022-06-28 09:56:02', 0, 0),
(30, 1, 1, '586', 4, '2022-07-02 09:49:14', 0, 0),
(31, 2, 1, '586', 4, '2022-07-02 09:49:14', 0, 0),
(32, 1, 6, '5679', 4, '2022-07-03 06:27:06', 0, 1),
(33, 2, 2, '6878', 4, '2022-07-03 06:26:49', 0, 1),
(34, 1, 2, '6878', 4, '2022-07-03 06:26:49', 0, 1),
(35, 2, 2, '4493', 12, '2022-07-03 06:27:17', 0, 0),
(36, 14, 1, '4493', 12, '2022-07-03 06:27:17', 0, 0),
(37, 15, 2, '4493', 12, '2022-07-03 06:27:17', 0, 0),
(38, 17, 3, '1230', 4, '2022-07-14 16:15:18', 0, 0),
(39, 2, 1, '1230', 4, '2022-07-14 16:15:18', 0, 0),
(40, 2, 2, '2259', 4, '2022-07-14 16:22:42', 0, 0),
(41, 2, 2, '3063', 4, '2022-07-14 16:25:32', 0, 0),
(42, 2, 1, '8788', 4, '2022-07-14 16:25:36', 0, 0),
(43, 13, 1, '617', 4, '2022-07-14 16:25:46', 0, 0),
(44, 13, 1, '9865', 4, '2022-07-14 16:26:33', 0, 0),
(45, 13, 1, '8347', 4, '2022-07-14 16:26:44', 0, 0),
(46, 13, 1, '9095', 4, '2022-07-14 16:27:07', 0, 0),
(47, 13, 1, '1049', 4, '2022-07-14 16:27:33', 0, 0),
(48, 2, 1, '5933', 4, '2022-07-14 16:28:03', 0, 0),
(49, 2, 1, '7763', 4, '2022-07-14 16:30:27', 0, 0),
(50, 14, 2, '7180', 4, '2022-07-14 16:32:52', 0, 0),
(51, 2, 1, '7180', 4, '2022-07-14 16:32:52', 0, 0),
(52, 2, 1, '2752', 4, '2022-07-14 16:33:22', 0, 0),
(53, 2, 3, '4875', 4, '2022-07-14 16:33:35', 0, 0),
(54, 14, 1, '6026', 4, '2022-07-14 16:36:55', 0, 0),
(55, 2, 1, '4068', 4, '2022-07-14 16:38:48', 0, 0),
(56, 2, 1, '8927', 4, '2022-07-14 16:41:36', 0, 0),
(57, 15, 1, '7949', 4, '2022-07-14 16:45:31', 0, 0),
(58, 2, 2, '8743', 4, '2022-07-14 16:48:05', 0, 0),
(59, 2, 1, '4152', 4, '2022-07-14 16:48:59', 0, 0),
(60, 2, 4, '8981', 4, '2022-07-14 16:51:13', 0, 0),
(61, 2, 4, '6367', 4, '2022-07-14 16:53:22', 0, 0),
(62, 2, 3, '1914', 4, '2022-07-14 16:53:47', 0, 0),
(63, 2, 3, '6489', 4, '2022-07-14 16:57:04', 0, 0),
(64, 14, 2, '3842', 4, '2022-07-14 16:58:32', 0, 0),
(65, 2, 1, '3842', 4, '2022-07-14 16:58:32', 0, 0),
(66, 14, 2, '6127', 4, '2022-07-14 17:01:14', 0, 0),
(67, 2, 1, '6127', 4, '2022-07-14 17:01:14', 0, 0),
(68, 15, 4, '3731', 4, '2022-07-14 17:01:51', 0, 0),
(69, 14, 1, '7374', 4, '2022-07-14 17:04:12', 0, 0),
(70, 14, 1, '9678', 4, '2022-07-14 17:06:32', 0, 0),
(71, 2, 1, '3602', 4, '2022-07-14 17:06:45', 0, 0),
(72, 2, 3, '8286', 4, '2022-07-14 17:09:14', 0, 0),
(73, 2, 2, '5823', 4, '2022-07-14 17:13:17', 0, 0),
(74, 4, 2, '5823', 4, '2022-07-14 17:13:17', 0, 0),
(75, 2, 1, '1669', 4, '2022-07-14 17:15:46', 0, 0),
(76, 2, 1, '1174', 4, '2022-07-14 17:21:58', 0, 0),
(77, 2, 2, '9311', 4, '2022-07-14 17:22:16', 0, 0),
(78, 2, 2, '8129', 11, '2022-07-14 17:53:35', 0, 0),
(79, 3, 1, '8129', 11, '2022-07-14 17:53:35', 0, 0),
(80, 2, 2, '7673', 11, '2022-07-14 17:54:18', 0, 0),
(81, 3, 1, '7673', 11, '2022-07-14 17:54:18', 0, 0),
(82, 2, 1, '1472', 11, '2022-07-14 17:54:23', 0, 0),
(83, 2, 1, '8445', 11, '2022-07-14 17:55:30', 0, 0),
(84, 2, 1, '4513', 11, '2022-07-14 18:00:32', 0, 0),
(85, 2, 2, '1799', 14, '2022-07-14 18:04:23', 0, 0),
(86, 2, 1, '526', 14, '2022-07-14 18:05:10', 0, 0),
(87, 2, 1, '6979', 14, '2022-07-14 18:10:04', 0, 0),
(88, 2, 1, '9764', 11, '2022-07-14 18:10:32', 0, 0),
(89, 2, 3, '2083', 11, '2022-07-21 10:07:47', 0, 0),
(90, 15, 2, '1611', 11, '2022-10-22 05:21:18', 0, 1),
(91, 13, 1, '1611', 11, '2022-10-22 05:21:18', 0, 1),
(92, 15, 2, '8430', 11, '2022-10-22 05:21:15', 0, 1),
(93, 13, 1, '8430', 11, '2022-10-22 05:21:15', 0, 1),
(94, 28, 1, '6711', 15, '2022-10-22 05:16:56', 1, 2),
(95, 2, 1, '6711', 15, '2022-10-22 05:16:56', 1, 2),
(96, 45, 1, '5586', 16, '2022-10-22 05:18:21', 0, 0),
(97, 19, 1, '6230', 11, '2022-10-22 05:21:12', 0, 1),
(98, 43, 2, '3143', 11, '2022-10-22 05:22:01', 0, 0),
(99, 19, 1, '7842', 11, '2022-10-22 05:51:29', 0, 0),
(100, 23, 1, '9513', 11, '2022-10-22 05:52:15', 0, 0),
(101, 22, 1, '9392', 11, '2022-10-22 05:53:46', 0, 0),
(102, 18, 1, '3454', 15, '2022-10-22 05:54:32', 0, 0),
(103, 32, 1, '8954', 15, '2022-10-22 07:31:37', 0, 0),
(104, 19, 1, '2385', 15, '2022-10-22 07:36:10', 0, 0),
(105, 19, 1, '2102', 15, '2022-10-22 07:37:04', 0, 0),
(106, 22, 1, '1938', 15, '2022-10-22 07:37:25', 0, 0),
(107, 19, 1, '2033', 17, '2022-10-22 07:41:52', 0, 0),
(108, 28, 2, '1540', 17, '2022-10-22 07:48:57', 0, 0),
(109, 28, 2, '3997', 17, '2022-10-22 07:54:14', 0, 0),
(110, 28, 2, '673', 17, '2022-10-22 07:54:45', 0, 0),
(111, 18, 1, '8247', 11, '2022-10-22 10:07:37', 0, 0),
(112, 19, 1, '1380', 17, '2022-10-23 04:34:47', 0, 0),
(113, 28, 1, '5775', 15, '2022-10-23 14:34:49', 0, 2),
(114, 18, 1, '952', 15, '2022-10-23 14:34:47', 0, 2),
(115, 45, 2, '1341', 15, '2022-10-23 14:26:27', 0, 0),
(116, 26, 1, '1341', 15, '2022-10-23 14:26:27', 0, 0),
(117, 48, 2, '1341', 15, '2022-10-23 14:26:27', 0, 0),
(118, 19, 1, '7877', 15, '2022-10-23 14:27:10', 0, 0),
(119, 26, 1, '960', 15, '2022-10-23 14:35:05', 1, 0),
(120, 26, 1, '8425', 15, '2022-10-23 14:38:11', 1, 0),
(121, 48, 1, '8425', 15, '2022-10-23 14:38:11', 1, 0),
(122, 26, 1, '7112', 15, '2022-10-23 14:42:09', 0, 0),
(123, 48, 1, '7112', 15, '2022-10-23 14:42:09', 0, 0),
(124, 26, 1, '4599', 15, '2022-10-23 15:35:32', 0, 0),
(125, 24, 1, '4599', 15, '2022-10-23 15:35:32', 0, 0),
(126, 26, 1, '2132', 15, '2022-10-23 15:36:12', 0, 0),
(127, 24, 1, '2132', 15, '2022-10-23 15:36:12', 0, 0),
(128, 26, 1, '6741', 15, '2022-10-23 15:47:10', 0, 2),
(129, 24, 1, '6741', 15, '2022-10-23 15:47:10', 0, 2),
(130, 45, 1, '2137', 15, '2022-10-23 15:43:45', 0, 2),
(131, 26, 1, '4628', 15, '2022-10-23 15:49:09', 1, 0),
(132, 24, 1, '4628', 15, '2022-10-23 15:49:09', 1, 0),
(133, 19, 1, '4296', 15, '2022-10-23 16:07:07', 0, 0),
(134, 18, 2, '6202', 15, '2022-10-27 13:00:08', 0, 0),
(135, 28, 2, '6202', 15, '2022-10-27 13:00:08', 0, 0),
(136, 14, 3, '2066', 18, '2022-11-03 10:44:07', 0, 2),
(137, 28, 1, '9669', 11, '2022-11-06 04:19:38', 0, 0),
(138, 19, 1, '9669', 11, '2022-11-06 04:19:38', 0, 0),
(139, 2, 1, '9669', 11, '2022-11-06 04:19:38', 0, 0),
(140, 28, 1, '2222', 15, '2022-11-17 15:51:19', 0, 0),
(141, 2, 1, '2222', 15, '2022-11-17 15:51:19', 0, 0),
(142, 20, 2, '2484', 15, '2022-11-17 16:00:10', 0, 0),
(143, 3, 1, '2472', 19, '2022-11-22 13:56:29', 0, 0),
(144, 3, 1, '5553', 19, '2022-11-22 14:14:06', 0, 0),
(145, 3, 1, '8546', 19, '2022-11-22 14:14:21', 0, 0),
(146, 3, 1, '9643', 19, '2022-11-22 14:14:29', 0, 0),
(147, 3, 1, '2074', 19, '2022-11-22 14:15:17', 0, 0),
(148, 3, 1, '3471', 11, '2022-11-22 14:23:29', 0, 0),
(149, 3, 1, '8619', 11, '2022-11-22 14:24:36', 0, 0),
(150, 3, 1, '4982', 11, '2022-11-22 14:26:00', 0, 0),
(151, 3, 1, '1656', 11, '2022-11-22 14:31:22', 0, 0),
(152, 2, 1, '964', 19, '2022-11-22 14:32:11', 0, 0),
(153, 2, 1, '8635', 19, '2022-11-22 14:33:44', 0, 0),
(154, 2, 2, '7044', 19, '2022-11-22 14:34:46', 0, 0),
(155, 2, 2, '4373', 19, '2022-11-22 14:37:34', 0, 0),
(156, 3, 1, '9900', 19, '2022-11-22 14:37:54', 0, 0),
(157, 3, 1, '2100', 19, '2022-11-22 14:40:13', 0, 0),
(158, 3, 1, '6568', 19, '2022-11-22 14:40:36', 0, 0),
(159, 3, 1, '7731', 19, '2022-11-22 14:41:29', 0, 0),
(160, 3, 1, '7003', 19, '2022-11-22 14:44:07', 0, 0),
(161, 3, 1, '2301', 19, '2022-11-22 14:44:18', 0, 0),
(162, 2, 1, '2200', 19, '2022-11-22 14:46:15', 0, 0),
(163, 3, 1, '8217', 19, '2022-11-22 14:47:28', 0, 0),
(164, 3, 1, '7009', 19, '2022-11-22 14:49:05', 0, 0),
(165, 3, 1, '5787', 19, '2022-11-22 14:49:22', 0, 0),
(166, 3, 1, '9913', 19, '2022-11-22 14:50:11', 0, 0),
(167, 3, 1, '5802', 11, '2022-11-22 15:12:57', 0, 0),
(168, 3, 1, '3936', 11, '2022-11-22 15:13:19', 0, 0),
(169, 28, 1, '5987', 11, '2022-11-22 15:13:58', 0, 0),
(170, 19, 1, '7074', 11, '2022-11-22 15:15:04', 0, 0),
(171, 26, 1, '7074', 11, '2022-11-22 15:15:04', 0, 0),
(172, 22, 2, '7074', 11, '2022-11-22 15:15:04', 0, 0),
(173, 19, 1, '2275', 11, '2022-11-22 15:15:40', 0, 0),
(174, 26, 1, '2275', 11, '2022-11-22 15:15:40', 0, 0),
(175, 22, 2, '2275', 11, '2022-11-22 15:15:40', 0, 0),
(176, 24, 1, '1079', 11, '2022-11-22 15:16:20', 0, 0),
(177, 41, 1, '1079', 11, '2022-11-22 15:16:20', 0, 0),
(178, 28, 1, '3403', 11, '2022-11-22 15:16:58', 0, 0),
(179, 3, 1, '3403', 11, '2022-11-22 15:16:58', 0, 0),
(180, 3, 3, '6292', 11, '2022-11-22 15:19:53', 0, 0),
(181, 1, 1, '6292', 11, '2022-11-22 15:19:53', 0, 0),
(182, 3, 1, '6437', 11, '2022-11-22 15:21:36', 0, 0),
(183, 1, 1, '6437', 11, '2022-11-22 15:21:36', 0, 0),
(184, 3, 1, '5163', 11, '2022-11-22 15:25:24', 0, 0),
(185, 1, 1, '5163', 11, '2022-11-22 15:25:24', 0, 0),
(186, 3, 1, '8552', 15, '2022-11-22 15:25:50', 0, 0),
(187, 1, 1, '8552', 15, '2022-11-22 15:25:50', 0, 0),
(188, 24, 1, '3701', 15, '2022-11-22 15:26:39', 0, 0),
(189, 26, 1, '9599', 15, '2022-11-22 15:27:03', 0, 0),
(190, 48, 1, '9599', 15, '2022-11-22 15:27:03', 0, 0),
(191, 48, 1, '8889', 15, '2022-11-22 15:27:54', 0, 0),
(192, 27, 1, '8889', 15, '2022-11-22 15:27:54', 0, 0),
(193, 3, 1, '9092', 15, '2022-11-22 15:28:26', 0, 0),
(194, 2, 1, '9092', 15, '2022-11-22 15:28:26', 0, 0),
(195, 3, 1, '7542', 15, '2022-11-22 15:30:00', 0, 0),
(196, 2, 1, '7542', 15, '2022-11-22 15:30:00', 0, 0),
(197, 3, 2, '2840', 15, '2022-11-22 15:30:20', 0, 0),
(198, 1, 1, '2840', 15, '2022-11-22 15:30:20', 0, 0),
(199, 3, 1, '5765', 15, '2022-11-22 15:41:31', 0, 0),
(200, 1, 3, '5765', 15, '2022-11-22 15:41:31', 0, 0),
(201, 3, 3, '1658', 15, '2022-11-22 15:44:42', 0, 0),
(202, 2, 2, '1658', 15, '2022-11-22 15:44:42', 0, 0),
(203, 3, 1, '5436', 15, '2022-11-22 15:45:34', 0, 0),
(204, 1, 1, '5436', 15, '2022-11-22 15:45:34', 0, 0),
(205, 26, 2, '5263', 15, '2022-11-22 15:48:19', 0, 0),
(206, 48, 1, '5263', 15, '2022-11-22 15:48:19', 0, 0),
(207, 28, 2, '9085', 15, '2022-11-27 03:01:26', 0, 0),
(208, 3, 3, '9915', 15, '2022-12-06 02:15:01', 0, 0),
(209, 3, 1, '1361', 21, '2022-12-06 02:31:33', 1, 2),
(210, 3, 1, '7186', 22, '2023-01-08 05:50:41', 0, 0),
(211, 28, 1, '7186', 22, '2023-01-08 05:50:41', 0, 0),
(212, 3, 1, '4099', 22, '2023-01-08 06:04:42', 0, 2),
(213, 1, 21, '4099', 22, '2023-01-08 06:04:42', 0, 2);

-- --------------------------------------------------------

--
-- Cấu trúc bảng cho bảng `tbl_giohang`
--

CREATE TABLE `tbl_giohang` (
  `giohang_id` int(11) NOT NULL,
  `tensanpham` varchar(200) NOT NULL,
  `sanpham_id` int(11) NOT NULL,
  `giasanpham` varchar(200) NOT NULL,
  `hinhanh` varchar(200) NOT NULL,
  `soluong` int(11) NOT NULL
) ENGINE=InnoDB DEFAULT CHARSET=utf8mb4;

--
-- Đang đổ dữ liệu cho bảng `tbl_giohang`
--

INSERT INTO `tbl_giohang` (`giohang_id`, `tensanpham`, `sanpham_id`, `giasanpham`, `hinhanh`, `soluong`) VALUES
(184, 'DELL', 3, '40000000', '	mk4.jpg', 1);

-- --------------------------------------------------------

--
-- Cấu trúc bảng cho bảng `tbl_khachhhang`
--

CREATE TABLE `tbl_khachhhang` (
  `khachhang_id` int(11) NOT NULL,
  `name` varchar(150) NOT NULL,
  `phone` varchar(20) NOT NULL,
  `address` varchar(250) NOT NULL,
  `email` varchar(200) NOT NULL,
  `note` varchar(1000) NOT NULL,
  `giaohang` int(11) NOT NULL,
  `password` varchar(200) NOT NULL
) ENGINE=InnoDB DEFAULT CHARSET=utf8mb4;

--
-- Đang đổ dữ liệu cho bảng `tbl_khachhhang`
--

INSERT INTO `tbl_khachhhang` (`khachhang_id`, `name`, `phone`, `address`, `email`, `note`, `giaohang`, `password`) VALUES
(4, 'Vo duc loi', '0329781232', '21 DÂN CHỦ', 'ducloi@gmail.com', '\r\n									', 0, 'e10adc3949ba59abbe56e057f20f883e'),
(10, 'BOy', '0329781232', '21 dân chủ', 'boy@gmail.com', '\r\n									', 1, '4532f61cbfe3c75c67176f2d52e8d59d'),
(11, 'huy', '0329781232', '12/1 võ văn ngân', 'hungphi1244@gmail.com', '', 0, '4532f61cbfe3c75c67176f2d52e8d59d'),
(12, 'Đức Huy', '032982111', '21 dân chủ', 'duchuy@gmail.com', '', 0, '4532f61cbfe3c75c67176f2d52e8d59d'),
(13, 'hungphi', '099322222', '23 dân chủ', 'hungphi1244@gmail.com', '', 0, '4532f61cbfe3c75c67176f2d52e8d59d'),
(14, 'Vo duc loi11', '092922', '222', 'hungphi1244@gmail.com', '\r\n									', 1, 'e10adc3949ba59abbe56e057f20f883e'),
(15, 'vo duc loi', '0329781232', '1/1 duong so 4', 'ducloi1244@gmail.com', '', 0, '4532f61cbfe3c75c67176f2d52e8d59d'),
(16, 'Hung', '0329781232', '1/1/ DUONG', 'hungphi1244@gmail.com', '', 0, '4532f61cbfe3c75c67176f2d52e8d59d'),
(17, 'hungp hi', '123', '22', 'vfa.internship.loivd@gmail.com', '', 0, '202cb962ac59075b964b07152d234b70'),
(18, 'huy', '0329781232', '13/7 dan chu', 'hungphi1244@gmail.com', '', 0, '4532f61cbfe3c75c67176f2d52e8d59d'),
(19, 'DFFSD', 'SDF', 'DSF', 'loivd@vitalify.asia', '', 0, '4532f61cbfe3c75c67176f2d52e8d59d'),
(20, 'voducloi01', '0329781232', '17 dan chu', 'hungphi1244@gmail.com', '', 0, '4532f61cbfe3c75c67176f2d52e8d59d'),
(21, 'hung phi', '0329781', '13/dan chu', 'hungphi1244@gmailcom', '', 0, '4532f61cbfe3c75c67176f2d52e8d59d'),
(22, 'le xuan thanh', '090909090', '17/3 dan chu', 'thanh26092000@gmail.com', '', 0, '4532f61cbfe3c75c67176f2d52e8d59d');

-- --------------------------------------------------------

--
-- Cấu trúc bảng cho bảng `tbl_momo`
--

CREATE TABLE `tbl_momo` (
  `id_momo` int(11) NOT NULL,
  `partner_Code` varchar(50) NOT NULL,
  `order_Id` int(11) NOT NULL,
  `amount` varchar(50) NOT NULL,
  `orderInfo` varchar(100) NOT NULL,
  `order_Type` varchar(50) NOT NULL,
  `trans_Id` int(11) NOT NULL,
  `payType` varchar(50) NOT NULL,
  `code_cart` varchar(50) NOT NULL
) ENGINE=InnoDB DEFAULT CHARSET=utf8mb4;

--
-- Đang đổ dữ liệu cho bảng `tbl_momo`
--

INSERT INTO `tbl_momo` (`id_momo`, `partner_Code`, `order_Id`, `amount`, `orderInfo`, `order_Type`, `trans_Id`, `payType`, `code_cart`) VALUES
(1, ' MOMOBKUN20180529', 1656745549, '  20000', '  Thanh toán qua MoMo qua ATM', ' momo_wallet', 2147483647, ' napas ', '8204'),
(2, ' MOMOBKUN20180529', 1656745549, '  20000', '  Thanh toán qua MoMo qua ATM', ' momo_wallet', 2147483647, ' napas ', '5627'),
(3, ' MOMOBKUN20180529', 1656745549, '  20000', '  Thanh toán qua MoMo qua ATM', ' momo_wallet', 2147483647, ' napas ', '6618');

-- --------------------------------------------------------

--
-- Cấu trúc bảng cho bảng `tbl_sanpham`
--

CREATE TABLE `tbl_sanpham` (
  `sanpham_id` int(11) NOT NULL,
  `category_id` int(11) NOT NULL,
  `sanpham_name` varchar(200) NOT NULL,
  `sanpham_chitiet` varchar(500) NOT NULL,
  `sanpham_mota` varchar(500) NOT NULL,
  `sanpham_gia` varchar(200) NOT NULL,
  `sanpham_giakhuyenmai` varchar(200) NOT NULL,
  `sanpham_active` int(11) NOT NULL,
  `sanpham_hot` int(11) NOT NULL,
  `sanpham_soluong` int(11) NOT NULL,
  `sanpham_image` varchar(200) NOT NULL
) ENGINE=InnoDB DEFAULT CHARSET=utf8mb4;

--
-- Đang đổ dữ liệu cho bảng `tbl_sanpham`
--

INSERT INTO `tbl_sanpham` (`sanpham_id`, `category_id`, `sanpham_name`, `sanpham_chitiet`, `sanpham_mota`, `sanpham_gia`, `sanpham_giakhuyenmai`, `sanpham_active`, `sanpham_hot`, `sanpham_soluong`, `sanpham_image`) VALUES
(1, 5, 'Maccbook M1', '   ', '   màu bạc  ', '35000000', '25000000', 0, 0, 50, 'ab1.jpg'),
(2, 6, 'Asus', '  ', '  Màu đen . ', '50000000', '40000000', 0, 0, 50, 'mk5.jpg'),
(3, 1, 'DELL', ' ', ' MÀU CAM', '50000000', '40000000', 0, 0, 70, 'mk4.jpg'),
(4, 1, 'DELL2022', '   ', '   MÀU ĐEN  \r\nChỉ áp dụng giao tận nơi.\r\nThời gian nhận hàng: 1 ngày sau khi đặt\r\nKhông áp dụng chung với khuyến mãi khác.\r\nMỗi khách hàng (1 SĐT) chỉ được mua 1 sản phẩm\r\nÁp dụng góp Online qua thẻ tín dụng\r\nBắt buộc khui hộp và kích hoạt khi nhận máy\r\nKhông áp dụng góp nhà tài chính\r\nSố lượng có hạn, áp dụng tùy tỉnh thành\r\nHư gì đổi nấy trong 15 ngày nếu lỗi do nhà sản xuất', '50000000', '40000000', 0, 0, 50, '1003.jpg'),
(13, 5, 'Macbook m1 2022', ' mỏng \r\nmàn hình 13.5 in', ' màu bạc ánh kim \r\ncó hổ trợ đèn led .', '40000000', '37000000', 0, 0, 20, 'macbook1.jpg'),
(14, 6, 'asus gaming 2022', ' màn hình 17 in\r\nđộ phân giải 12hz', ' màu đen . thiết kế phong cách thời trang', '37000000', '35000000', 0, 0, 20, 'asus2 (2).jpg'),
(15, 5, 'macbook m1 2019', ' màn hình 12.5 in , siêu mỏng', ' màu bạc ánh kim ', '45000000', '43000000', 0, 0, 50, 'danh-gia-chi-tiet-laptop-apple-macbook-pro-13-inch-2015-3.jpg'),
(16, 5, 'Maccbook m1 pro 2020', ' màn hình 13 in', ' màu bạc ánh kim , sắc nét', '50000000', '44000000', 0, 0, 22, 'macbook4.jpg'),
(18, 21, 'loa panasonic', '     Có Dây ', '     Màu Đen     ', '500000', '200000', 0, 0, 50, 'loa2.jpg'),
(19, 21, 'Loa Gaming 2020', '    ', '    mau den   ', '70000', '50000', 0, 0, 50, 'loa1.jpg'),
(20, 21, 'loa gaming 2022', '  ', ' Màu Đen ', '400000', '370000', 0, 0, 50, 'loa3.jpg'),
(21, 0, 'Chuột gaming', ' ', ' ', '500000', '450000', 0, 0, 50, 'chuot2.jpg'),
(22, 20, 'Chuột gaming', ' ', ' ', '340000', '300000', 0, 0, 50, 'chuot1.jpg'),
(23, 20, 'Chuột gaming 2022', ' ', ' màu đen có đèn led', '1000000', '900000', 0, 0, 50, 'chuot3.jpg'),
(24, 9, 'CPU 2021', ' ', ' ', '600000', '300000', 0, 0, 70, 'cpu1.jpg'),
(25, 9, 'CPU I7', ' ', ' ', '900000', '800000', 0, 0, 50, 'cpu2.jpg'),
(26, 7, 'Tai Nghe Gaming 2022', ' ', ' ', '2000000', '1500000', 0, 0, 50, 'tai nge 1.jpg'),
(27, 7, 'Tai Nghe gaming 2019', ' ', ' ', '300000', '250000', 0, 0, 50, 'tainge.jpg'),
(28, 22, 'Web cam pro 2022', ' ', ' ', '1000000', '900000', 0, 0, 50, 'webcam1.jpg'),
(29, 22, 'Webcam pro 2020', ' ', ' ', '900000', '800000', 0, 0, 50, 'webcam3.jpg'),
(30, 11, 'Ram xịn 2022', ' ', ' ', '500000', '400000', 0, 0, 20, 'RAM1.jpg'),
(31, 11, 'Ram gaming', ' ', ' ', '100000', '900000', 0, 0, 20, 'ram2.jpg'),
(32, 17, 'Tản Nhiệt Gaming', ' ', ' ', '500000', '450000', 0, 0, 20, 'tannhiet1.jpg'),
(33, 17, 'Tản Nhiệt 2022', ' ', ' ', '200000', '150000', 0, 0, 70, 'tannhiet2.jpg'),
(34, 18, 'Màn  Asus', ' ', ' ', '5000000', '4000000', 0, 0, 70, 'manhinh3.jpg'),
(35, 18, 'Màn hình cong', ' ', ' ', '4000000', '3800000', 0, 0, 50, 'manhinh1.jpg'),
(36, 16, 'Vỏ Máy Tính 2022', ' ', ' ', '2000000', '1900000', 0, 0, 20, 'vomaytinh1.jpg'),
(37, 16, 'Vỏ ROG 2022', ' ', ' ', '4000000', '3900000', 0, 0, 20, 'vomaytinh2.jpg'),
(38, 0, 'VGA CART màn hình', ' ', ' ', '5000000', '4500000', 0, 0, 50, 'vga1.jpg'),
(39, 14, 'VGA cart màn hình', ' ', ' ', '5000000', '4500000', 0, 0, 20, 'vga1.jpg'),
(40, 14, 'VGA gaming 2022', ' ', ' ', '3000000', '2800000', 0, 0, 0, 'vga2.jpg'),
(41, 10, 'Main xịn 2022', ' ', ' ', '5000000', '450000', 0, 0, 50, 'main1.jpg'),
(42, 10, 'Main đỉnh cao 2022', ' ', ' ', '600000', '500000', 0, 0, 50, 'main2.jpg'),
(43, 13, 'Ổ cứng HHD', ' ', ' MÀU ĐEN , BỀN', '500000', '450000', 0, 0, 50, 'hhd1.jpg'),
(44, 13, 'HHD 20222', ' ', ' ', '700000', '65000', 0, 0, 50, 'hhd2.jpg'),
(45, 12, 'SSD 2022', ' ', ' ', '1000000', '900000', 0, 0, 50, 'ssd1.jpg'),
(47, 12, 'SSD Gaming abc', '  ', '   ', '600000', '550000', 0, 0, 500, 'ssd2.jpg'),
(48, 8, 'Bàn Gaming 2022', '   ', '   màu đẹp  ', '2000000', '1800000', 0, 0, 70, 'ban2.jpg');

-- --------------------------------------------------------

--
-- Cấu trúc bảng cho bảng `tbl_slider`
--

CREATE TABLE `tbl_slider` (
  `slider_id` int(11) NOT NULL,
  `slider_image` varchar(150) NOT NULL,
  `slider_active` int(11) NOT NULL,
  `slider_caption` varchar(200) NOT NULL
) ENGINE=InnoDB DEFAULT CHARSET=utf8mb4;

--
-- Chỉ mục cho các bảng đã đổ
--

--
-- Chỉ mục cho bảng `buildpc`
--
ALTER TABLE `buildpc`
  ADD PRIMARY KEY (`pc_id`);

--
-- Chỉ mục cho bảng `tbl_admin`
--
ALTER TABLE `tbl_admin`
  ADD PRIMARY KEY (`admin_id`);

--
-- Chỉ mục cho bảng `tbl_category`
--
ALTER TABLE `tbl_category`
  ADD PRIMARY KEY (`category_id`);

--
-- Chỉ mục cho bảng `tbl_donhang`
--
ALTER TABLE `tbl_donhang`
  ADD PRIMARY KEY (`donhang_id`);

--
-- Chỉ mục cho bảng `tbl_giaodich`
--
ALTER TABLE `tbl_giaodich`
  ADD PRIMARY KEY (`giaodich_id`);

--
-- Chỉ mục cho bảng `tbl_giohang`
--
ALTER TABLE `tbl_giohang`
  ADD PRIMARY KEY (`giohang_id`);

--
-- Chỉ mục cho bảng `tbl_khachhhang`
--
ALTER TABLE `tbl_khachhhang`
  ADD PRIMARY KEY (`khachhang_id`);

--
-- Chỉ mục cho bảng `tbl_momo`
--
ALTER TABLE `tbl_momo`
  ADD PRIMARY KEY (`id_momo`);

--
-- Chỉ mục cho bảng `tbl_sanpham`
--
ALTER TABLE `tbl_sanpham`
  ADD PRIMARY KEY (`sanpham_id`);

--
-- Chỉ mục cho bảng `tbl_slider`
--
ALTER TABLE `tbl_slider`
  ADD PRIMARY KEY (`slider_id`);

--
-- AUTO_INCREMENT cho các bảng đã đổ
--

--
-- AUTO_INCREMENT cho bảng `buildpc`
--
ALTER TABLE `buildpc`
  MODIFY `pc_id` int(11) NOT NULL AUTO_INCREMENT, AUTO_INCREMENT=34;

--
-- AUTO_INCREMENT cho bảng `tbl_admin`
--
ALTER TABLE `tbl_admin`
  MODIFY `admin_id` int(11) NOT NULL AUTO_INCREMENT, AUTO_INCREMENT=4;

--
-- AUTO_INCREMENT cho bảng `tbl_category`
--
ALTER TABLE `tbl_category`
  MODIFY `category_id` int(11) NOT NULL AUTO_INCREMENT, AUTO_INCREMENT=23;

--
-- AUTO_INCREMENT cho bảng `tbl_donhang`
--
ALTER TABLE `tbl_donhang`
  MODIFY `donhang_id` int(11) NOT NULL AUTO_INCREMENT, AUTO_INCREMENT=214;

--
-- AUTO_INCREMENT cho bảng `tbl_giaodich`
--
ALTER TABLE `tbl_giaodich`
  MODIFY `giaodich_id` int(11) NOT NULL AUTO_INCREMENT, AUTO_INCREMENT=214;

--
-- AUTO_INCREMENT cho bảng `tbl_giohang`
--
ALTER TABLE `tbl_giohang`
  MODIFY `giohang_id` int(11) NOT NULL AUTO_INCREMENT, AUTO_INCREMENT=185;

--
-- AUTO_INCREMENT cho bảng `tbl_khachhhang`
--
ALTER TABLE `tbl_khachhhang`
  MODIFY `khachhang_id` int(11) NOT NULL AUTO_INCREMENT, AUTO_INCREMENT=23;

--
-- AUTO_INCREMENT cho bảng `tbl_momo`
--
ALTER TABLE `tbl_momo`
  MODIFY `id_momo` int(11) NOT NULL AUTO_INCREMENT, AUTO_INCREMENT=4;

--
-- AUTO_INCREMENT cho bảng `tbl_sanpham`
--
ALTER TABLE `tbl_sanpham`
  MODIFY `sanpham_id` int(11) NOT NULL AUTO_INCREMENT, AUTO_INCREMENT=49;

--
-- AUTO_INCREMENT cho bảng `tbl_slider`
--
ALTER TABLE `tbl_slider`
  MODIFY `slider_id` int(11) NOT NULL AUTO_INCREMENT, AUTO_INCREMENT=2;
COMMIT;

/*!40101 SET CHARACTER_SET_CLIENT=@OLD_CHARACTER_SET_CLIENT */;
/*!40101 SET CHARACTER_SET_RESULTS=@OLD_CHARACTER_SET_RESULTS */;
/*!40101 SET COLLATION_CONNECTION=@OLD_COLLATION_CONNECTION */;
